ds,trend,yhat_lower,yhat_upper,trend_lower,trend_upper,additive_terms,additive_terms_lower,additive_terms_upper,weekly,weekly_lower,weekly_upper,multiplicative_terms,multiplicative_terms_lower,multiplicative_terms_upper,yhat
2023-04-17,101.89038961688,96.83815696827793,107.5019224211876,101.89038961688,101.89038961688,0.11909043811177088,0.11909043811177088,0.11909043811177088,0.11909043811177088,0.11909043811177088,0.11909043811177088,0.0,0.0,0.0,102.00948005499177
2023-04-18,102.29720912292366,97.39559992663301,106.79365352342005,102.29720912292366,102.29720912292366,-0.36397982474249635,-0.36397982474249635,-0.36397982474249635,-0.36397982474249635,-0.36397982474249635,-0.36397982474249635,0.0,0.0,0.0,101.93322929818116
2023-04-19,102.70402862896732,97.34484871839284,106.64417640572883,102.70402862896732,102.70402862896732,-0.541733502589518,-0.541733502589518,-0.541733502589518,-0.541733502589518,-0.541733502589518,-0.541733502589518,0.0,0.0,0.0,102.1622951263778
2023-04-20,103.11084813501097,98.19376926486638,107.4366413638952,103.11084813501097,103.11084813501097,-0.32804134038526706,-0.32804134038526706,-0.32804134038526706,-0.32804134038526706,-0.32804134038526706,-0.32804134038526706,0.0,0.0,0.0,102.7828067946257
2023-04-21,103.51766764105463,99.31971875937643,108.90763174260586,103.51766764105463,103.51766764105463,0.4894022606067379,0.4894022606067379,0.4894022606067379,0.4894022606067379,0.4894022606067379,0.4894022606067379,0.0,0.0,0.0,104.00706990166137
2023-04-24,104.73812615918561,100.16073940169424,109.85446288050994,104.73812615918561,104.73812615918561,0.11909043811265745,0.11909043811265745,0.11909043811265745,0.11909043811265745,0.11909043811265745,0.11909043811265745,0.0,0.0,0.0,104.85721659729828
2023-04-25,105.14494566522924,99.77443167239845,109.72327955570331,105.14494566522924,105.14494566522924,-0.3639798247430706,-0.3639798247430706,-0.3639798247430706,-0.3639798247430706,-0.3639798247430706,-0.3639798247430706,0.0,0.0,0.0,104.78096584048618
2023-04-26,105.5517651712729,100.07015985626732,110.10338481088021,105.5517651712729,105.5517651712729,-0.5417335025895058,-0.5417335025895058,-0.5417335025895058,-0.5417335025895058,-0.5417335025895058,-0.5417335025895058,0.0,0.0,0.0,105.0100316686834
2023-04-27,105.95858467731657,100.58480698238829,110.44744135726478,105.95858467731657,105.95858467731657,-0.32804134038481375,-0.32804134038481375,-0.32804134038481375,-0.32804134038481375,-0.32804134038481375,-0.32804134038481375,0.0,0.0,0.0,105.63054333693175
2023-04-28,106.36540416975262,101.77135298003523,112.056379548839,106.36540416975262,106.36540416975262,0.4894022606071126,0.4894022606071126,0.4894022606071126,0.4894022606071126,0.4894022606071126,0.4894022606071126,0.0,0.0,0.0,106.85480643035973
2023-05-01,107.5858626470608,102.89135862385749,112.3446756644876,107.5858626470608,107.5858626470608,0.11909043811178718,0.11909043811178718,0.11909043811178718,0.11909043811178718,0.11909043811178718,0.11909043811178718,0.0,0.0,0.0,107.70495308517258
2023-05-02,107.99268213949685,102.85269057922072,112.3046348380543,107.99268213949685,107.99268213949685,-0.3639798247428414,-0.3639798247428414,-0.3639798247428414,-0.3639798247428414,-0.3639798247428414,-0.3639798247428414,0.0,0.0,0.0,107.62870231475401
2023-05-03,108.3995016319329,103.03511933822622,112.84620757249903,108.3995016319329,108.3995016319329,-0.5417335025893502,-0.5417335025893502,-0.5417335025893502,-0.5417335025893502,-0.5417335025893502,-0.5417335025893502,0.0,0.0,0.0,107.85776812934355
2023-05-04,108.80632112436896,103.0489494138061,113.21897841085716,108.80632112436896,108.80632112436896,-0.32804134038713617,-0.32804134038713617,-0.32804134038713617,-0.32804134038713617,-0.32804134038713617,-0.32804134038713617,0.0,0.0,0.0,108.47827978398183
2023-05-05,109.21314061680502,104.5556248754913,114.51279535658766,109.21314061680502,109.21314061680502,0.4894022606071506,0.4894022606071506,0.4894022606071506,0.4894022606071506,0.4894022606071506,0.4894022606071506,0.0,0.0,0.0,109.70254287741217
2023-05-08,110.43359909411319,105.4873860982866,115.34061327098728,110.43359909411319,110.43359909411319,0.11909043811179539,0.11909043811179539,0.11909043811179539,0.11909043811179539,0.11909043811179539,0.11909043811179539,0.0,0.0,0.0,110.55268953222499
2023-05-09,110.84041858654925,105.57836783265995,115.49896477012352,110.84041858654925,110.84041858654925,-0.3639798247426121,-0.3639798247426121,-0.3639798247426121,-0.3639798247426121,-0.3639798247426121,-0.3639798247426121,0.0,0.0,0.0,110.47643876180663
2023-05-10,111.24723807770032,105.92235100335922,115.62205666489415,111.24723807770032,111.24723807770032,-0.5417335025897639,-0.5417335025897639,-0.5417335025897639,-0.5417335025897639,-0.5417335025897639,-0.5417335025897639,0.0,0.0,0.0,110.70550457511055
2023-05-11,111.65405756885139,106.85176692689602,116.07035020074083,111.65405756885139,111.65405756885139,-0.3280413403866828,-0.3280413403866828,-0.3280413403866828,-0.3280413403866828,-0.3280413403866828,-0.3280413403866828,0.0,0.0,0.0,111.32601622846471
2023-05-12,112.06087706000247,107.7595802244913,117.17877085244409,112.06087706000247,112.06087706000247,0.48940226060752506,0.48940226060752506,0.48940226060752506,0.48940226060752506,0.48940226060752506,0.48940226060752506,0.0,0.0,0.0,112.55027932060999
2023-05-15,113.28133553345567,108.7395815923427,118.46462880372745,113.28133553345567,113.28133553345567,0.1190904381128599,0.1190904381128599,0.1190904381128599,0.1190904381128599,0.1190904381128599,0.1190904381128599,0.0,0.0,0.0,113.40042597156854
2023-05-16,113.68815502460673,108.31069894475404,117.98642115362063,113.68815502460673,113.68815502460673,-0.3639798247439899,-0.3639798247439899,-0.3639798247439899,-0.3639798247439899,-0.3639798247439899,-0.3639798247439899,0.0,0.0,0.0,113.32417519986274
2023-05-17,114.09497451575781,108.40505517874912,118.45700791123386,114.09497451575781,114.09497451575781,-0.5417335025890387,-0.5417335025890387,-0.5417335025890387,-0.5417335025890387,-0.5417335025890387,-0.5417335025890387,0.0,0.0,0.0,113.55324101316877
2023-05-18,114.5017940069089,109.80796838365964,118.9626026028216,114.5017940069089,114.5017940069089,-0.3280413403860069,-0.3280413403860069,-0.3280413403860069,-0.3280413403860069,-0.3280413403860069,-0.3280413403860069,0.0,0.0,0.0,114.17375266652289
2023-05-19,114.90861349805995,110.6368908317069,120.1191385004745,114.90861349805995,114.90861349805995,0.48940226060773134,0.48940226060773134,0.48940226060773134,0.48940226060773134,0.48940226060773134,0.48940226060773134,0.0,0.0,0.0,115.39801575866768
2023-05-22,116.12907196607817,111.18665999928034,120.95148666625613,116.12907196607817,116.12907196607817,0.11909043811286803,0.11909043811286803,0.11909043811286803,0.11909043811286803,0.11909043811286803,0.11909043811286803,0.0,0.0,0.0,116.24816240419104
2023-05-23,116.5358914554176,111.11562223787065,121.50492870368569,116.5358914554176,116.5358914554176,-0.36397982474376056,-0.36397982474376056,-0.36397982474376056,-0.36397982474376056,-0.36397982474376056,-0.36397982474376056,0.0,0.0,0.0,116.17191163067383
2023-05-24,116.94271094475701,111.50759919249808,121.18505734739894,116.94271094475701,116.94271094475701,-0.5417335025894525,-0.5417335025894525,-0.5417335025894525,-0.5417335025894525,-0.5417335025894525,-0.5417335025894525,0.0,0.0,0.0,116.40097744216756
2023-05-25,117.34953043409642,112.46681027118204,121.87378808439063,117.34953043409642,117.34953043409642,-0.3280413403855535,-0.3280413403855535,-0.3280413403855535,-0.3280413403855535,-0.3280413403855535,-0.3280413403855535,0.0,0.0,0.0,117.02148909371087
2023-05-26,117.75634992343583,113.27298009805337,123.51814488818253,117.75634992343583,117.75634992343583,0.4894022606065905,0.4894022606065905,0.4894022606065905,0.4894022606065905,0.4894022606065905,0.4894022606065905,0.0,0.0,0.0,118.24575218404243
2023-05-30,119.38362788079348,113.78920740609078,123.8358795231423,119.38362788079348,119.38362788079348,-0.36397982474298307,-0.36397982474298307,-0.36397982474298307,-0.36397982474298307,-0.36397982474298307,-0.36397982474298307,0.0,0.0,0.0,119.0196480560505
2023-05-31,119.7904473701329,114.11212215686693,123.98817904918698,119.7904473701329,119.7904473701329,-0.5417335025894403,-0.5417335025894403,-0.5417335025894403,-0.5417335025894403,-0.5417335025894403,-0.5417335025894403,0.0,0.0,0.0,119.24871386754346
2023-06-01,120.19726685947231,115.11402596245551,124.94720129192379,120.19726685947231,120.19726685947231,-0.3280413403848776,-0.3280413403848776,-0.3280413403848776,-0.3280413403848776,-0.3280413403848776,-0.3280413403848776,0.0,0.0,0.0,119.86922551908744
2023-06-02,120.59195842756156,116.64754425197258,125.91399256279006,120.59195842756156,120.59195842756156,0.48940226060679687,0.48940226060679687,0.48940226060679687,0.48940226060679687,0.48940226060679687,0.48940226060679687,0.0,0.0,0.0,121.08136068816836
2023-06-05,121.77603313182935,117.02838652662011,126.43565465314171,121.77603313182935,121.77603313182935,0.11909043811200591,0.11909043811200591,0.11909043811200591,0.11909043811200591,0.11909043811200591,0.11909043811200591,0.0,0.0,0.0,121.89512356994136
2023-06-06,122.17072469991861,116.70170828726451,126.89304166127197,122.17072469991861,122.17072469991861,-0.3639798247427538,-0.3639798247427538,-0.3639798247427538,-0.3639798247427538,-0.3639798247427538,-0.3639798247427538,0.0,0.0,0.0,121.80674487517585
2023-06-07,122.5654162680079,117.23447701793908,127.02694506815058,122.5654162680079,122.5654162680079,-0.5417335025892847,-0.5417335025892847,-0.5417335025892847,-0.5417335025892847,-0.5417335025892847,-0.5417335025892847,0.0,0.0,0.0,122.02368276541861
2023-06-08,122.96010783609715,118.08135638421463,127.49902936326963,122.96010783609715,122.96010783609715,-0.3280413403846469,-0.3280413403846469,-0.3280413403846469,-0.3280413403846469,-0.3280413403846469,-0.3280413403846469,0.0,0.0,0.0,122.63206649571251
2023-06-09,123.35479940418641,118.59200407612703,128.61248397629288,123.35479940418641,123.35479940418641,0.48940226060700315,0.48940226060700315,0.48940226060700315,0.48940226060700315,0.48940226060700315,0.48940226060700315,0.0,0.0,0.0,123.84420166479342
2023-06-12,124.5388741084542,120.12104297172905,129.24272153784662,124.5388741084542,124.5388741084542,0.11909043811113564,0.11909043811113564,0.11909043811113564,0.11909043811113564,0.11909043811113564,0.11909043811113564,0.0,0.0,0.0,124.65796454656532
2023-06-13,124.93356567654345,119.42132454681752,129.45339651564245,124.93356567654345,124.93356567654345,-0.36397982474332813,-0.36397982474332813,-0.36397982474332813,-0.36397982474332813,-0.36397982474332813,-0.36397982474332813,0.0,0.0,0.0,124.56958585180013
2023-06-14,125.20743923103966,119.7502403037634,129.48026263818943,125.20743923103966,125.20743923103966,-0.541733502589129,-0.541733502589129,-0.541733502589129,-0.541733502589129,-0.541733502589129,-0.541733502589129,0.0,0.0,0.0,124.66570572845053
2023-06-15,125.48131278553586,119.85829283492748,130.0300160586429,125.48131278553586,125.48131278553586,-0.3280413403839709,-0.3280413403839709,-0.3280413403839709,-0.3280413403839709,-0.3280413403839709,-0.3280413403839709,0.0,0.0,0.0,125.15327144515189
2023-06-16,125.75518634003205,121.62441074930545,131.26796843884068,125.75518634003205,125.75518634003205,0.4894022606058624,0.4894022606058624,0.4894022606058624,0.4894022606058624,0.4894022606058624,0.4894022606058624,0.0,0.0,0.0,126.24458860063791
2023-06-20,126.85068055801686,121.96959784082374,131.40627135844565,126.85068055801686,126.85068055801686,-0.3639798247439024,-0.3639798247439024,-0.3639798247439024,-0.3639798247439024,-0.3639798247439024,-0.3639798247439024,0.0,0.0,0.0,126.48670073327295
2023-06-21,127.12455411251305,121.86299773252185,131.45951592380405,127.12455411251305,127.12455411251305,-0.5417335025895428,-0.5417335025895428,-0.5417335025895428,-0.5417335025895428,-0.5417335025895428,-0.5417335025895428,0.0,0.0,0.0,126.58282060992352
2023-06-22,127.39842766700926,122.00633745768286,131.85466968850946,127.39842766700926,127.39842766700926,-0.32804134038629346,-0.32804134038629346,-0.32804134038629346,-0.32804134038629346,-0.32804134038629346,-0.32804134038629346,0.0,0.0,0.0,127.07038632662297
2023-06-23,127.67230122150546,123.14288356793617,132.68759517074253,127.67230122150546,127.67230122150546,0.48940226060623704,0.48940226060623704,0.48940226060623704,0.48940226060623704,0.48940226060623704,0.48940226060623704,0.0,0.0,0.0,128.1617034821117
2023-06-26,128.49392188499405,123.75523167398954,133.4678550936612,128.49392188499405,128.49392188499405,0.11909043811308676,0.11909043811308676,0.11909043811308676,0.11909043811308676,0.11909043811308676,0.11909043811308676,0.0,0.0,0.0,128.61301232310714
2023-06-27,128.67161573109587,123.30910891917303,133.01512463684628,128.67161573109587,128.67161573109587,-0.36397982474232127,-0.36397982474232127,-0.36397982474232127,-0.36397982474232127,-0.36397982474232127,-0.36397982474232127,0.0,0.0,0.0,128.30763590635354
2023-06-28,128.84930957719766,123.69581361715876,133.1216522807809,128.84930957719766,128.84930957719766,-0.5417335025899567,-0.5417335025899567,-0.5417335025899567,-0.5417335025899567,-0.5417335025899567,-0.5417335025899567,0.0,0.0,0.0,128.3075760746077
2023-06-29,129.02700342329948,124.03919912733011,133.51968063427014,129.02700342329948,129.02700342329948,-0.32804134038584015,-0.32804134038584015,-0.32804134038584015,-0.32804134038584015,-0.32804134038584015,-0.32804134038584015,0.0,0.0,0.0,128.69896208291362
2023-06-30,129.2046972694013,124.67503147617685,134.41867005550347,129.2046972694013,129.2046972694013,0.48940226060627495,0.48940226060627495,0.48940226060627495,0.48940226060627495,0.48940226060627495,0.48940226060627495,0.0,0.0,0.0,129.69409953000758
2023-07-03,129.73777880770672,124.80306407284395,134.6914773289807,129.73777880770672,129.73777880770672,0.1190904381130949,0.1190904381130949,0.1190904381130949,0.1190904381130949,0.1190904381130949,0.1190904381130949,0.0,0.0,0.0,129.8568692458198
2023-07-05,130.09316649991032,124.73368813244836,134.5156708230899,130.09316649991032,130.09316649991032,-0.5417335025898009,-0.5417335025898009,-0.5417335025898009,-0.5417335025898009,-0.5417335025898009,-0.5417335025898009,0.0,0.0,0.0,129.55143299732052
2023-07-06,130.27086034601214,124.8639246401001,134.94511865343796,130.27086034601214,130.27086034601214,-0.32804134038538674,-0.32804134038538674,-0.32804134038538674,-0.32804134038538674,-0.32804134038538674,-0.32804134038538674,0.0,0.0,0.0,129.94281900562675
2023-07-07,130.44855419211396,126.19434397403656,135.64273175375095,130.44855419211396,130.44855419211396,0.4894022606066494,0.4894022606066494,0.4894022606066494,0.4894022606066494,0.4894022606066494,0.4894022606066494,0.0,0.0,0.0,130.9379564527206
2023-07-10,130.8753047639793,125.99695871371111,135.74100204835935,130.8753047639793,130.8753047639793,0.11909043811222465,0.11909043811222465,0.11909043811222465,0.11909043811222465,0.11909043811222465,0.11909043811222465,0.0,0.0,0.0,130.99439520209154
2023-07-11,131.01755495460108,125.66874122702504,135.4161547577255,131.01755495460108,131.01755495460108,-0.3639798247434698,-0.3639798247434698,-0.3639798247434698,-0.3639798247434698,-0.3639798247434698,-0.3639798247434698,0.0,0.0,0.0,130.65357512985761
2023-07-12,131.15980514522286,125.57688560110357,135.2986166856649,131.15980514522286,131.15980514522286,-0.5417335025896453,-0.5417335025896453,-0.5417335025896453,-0.5417335025896453,-0.5417335025896453,-0.5417335025896453,0.0,0.0,0.0,130.61807164263323
2023-07-13,131.30205533584464,126.30487888539,135.75696144723204,131.30205533584464,131.30205533584464,-0.32804134038770927,-0.32804134038770927,-0.32804134038770927,-0.32804134038770927,-0.32804134038770927,-0.32804134038770927,0.0,0.0,0.0,130.97401399545694
2023-07-14,131.44430552646642,126.88787025058174,136.71619048857218,131.44430552646642,131.44430552646642,0.4894022606068558,0.4894022606068558,0.4894022606068558,0.4894022606068558,0.4894022606068558,0.4894022606068558,0.0,0.0,0.0,131.93370778707327
2023-07-17,131.87105609833176,127.25497643218388,136.67793823332275,131.87105609833176,131.87105609833176,0.11909043811223279,0.11909043811223279,0.11909043811223279,0.11909043811223279,0.11909043811223279,0.11909043811223279,0.0,0.0,0.0,131.990146536444
2023-07-18,132.01330628895354,126.40966654871967,136.55041841352562,132.01330628895354,132.01330628895354,-0.3639798247432405,-0.3639798247432405,-0.3639798247432405,-0.3639798247432405,-0.3639798247432405,-0.3639798247432405,0.0,0.0,0.0,131.6493264642103
2023-07-19,132.1555564795753,126.62740227121373,136.27966558782896,132.1555564795753,132.1555564795753,-0.5417335025896328,-0.5417335025896328,-0.5417335025896328,-0.5417335025896328,-0.5417335025896328,-0.5417335025896328,0.0,0.0,0.0,131.61382297698566
2023-07-20,132.29773067365397,126.96920337827505,136.5759652817687,132.29773067365397,132.29773067365397,-0.3280413403872559,-0.3280413403872559,-0.3280413403872559,-0.3280413403872559,-0.3280413403872559,-0.3280413403872559,0.0,0.0,0.0,131.96968933326673
2023-07-21,132.43990486773265,127.91779681076436,137.61635750716403,132.43990486773265,132.43990486773265,0.4894022606072304,0.4894022606072304,0.4894022606072304,0.4894022606072304,0.4894022606072304,0.4894022606072304,0.0,0.0,0.0,132.92930712833987
2023-07-24,132.86642744996868,127.97064406114683,137.89523884290202,132.86642744996868,132.86642744996868,0.11909043811329734,0.11909043811329734,0.11909043811329734,0.11909043811329734,0.11909043811329734,0.11909043811329734,0.0,0.0,0.0,132.98551788808197
2023-07-25,133.00860164404736,127.607964988868,137.65663730096605,133.00860164404736,133.00860164404736,-0.3639798247438148,-0.3639798247438148,-0.3639798247438148,-0.3639798247438148,-0.3639798247438148,-0.3639798247438148,0.0,0.0,0.0,132.64462181930355
2023-07-26,133.15077583812607,127.75610185987662,137.60273156227086,133.15077583812607,133.15077583812607,-0.5417335025900467,-0.5417335025900467,-0.5417335025900467,-0.5417335025900467,-0.5417335025900467,-0.5417335025900467,0.0,0.0,0.0,132.60904233553603
2023-07-27,133.29295003220471,127.86044785099995,137.8721228624437,133.29295003220471,133.29295003220471,-0.3280413403865799,-0.3280413403865799,-0.3280413403865799,-0.3280413403865799,-0.3280413403865799,-0.3280413403865799,0.0,0.0,0.0,132.96490869181812
2023-07-28,133.43512422628342,128.8035194428307,138.71021110519092,133.43512422628342,133.43512422628342,0.48940226060743663,0.48940226060743663,0.48940226060743663,0.48940226060743663,0.48940226060743663,0.48940226060743663,0.0,0.0,0.0,133.92452648689087
2023-07-31,133.86164680851942,129.03224693441922,138.58583280119223,133.86164680851942,133.86164680851942,0.11909043811330547,0.11909043811330547,0.11909043811330547,0.11909043811330547,0.11909043811330547,0.11909043811330547,0.0,0.0,0.0,133.98073724663274
2023-08-01,134.00381972711304,128.64384833571913,138.1824333117585,134.00381972711304,134.00381972711304,-0.3639798247435856,-0.3639798247435856,-0.3639798247435856,-0.3639798247435856,-0.3639798247435856,-0.3639798247435856,0.0,0.0,0.0,133.63983990236946
2023-08-02,134.14599264570668,128.39672716779964,138.5684877098539,134.14599264570668,134.14599264570668,-0.5417335025893216,-0.5417335025893216,-0.5417335025893216,-0.5417335025893216,-0.5417335025893216,-0.5417335025893216,0.0,0.0,0.0,133.60425914311736
2023-08-03,134.2881655643003,129.0510412587244,138.65257879273088,134.2881655643003,134.2881655643003,-0.3280413403863492,-0.3280413403863492,-0.3280413403863492,-0.3280413403863492,-0.3280413403863492,-0.3280413403863492,0.0,0.0,0.0,133.96012422391394
2023-08-04,134.43033848289392,130.140541443097,139.69329984221486,134.43033848289392,134.43033848289392,0.48940226060629594,0.48940226060629594,0.48940226060629594,0.48940226060629594,0.48940226060629594,0.48940226060629594,0.0,0.0,0.0,134.9197407435002
2023-08-07,134.8568572386748,130.03427130708644,140.06141868280045,134.8568572386748,134.8568572386748,0.11909043811243523,0.11909043811243523,0.11909043811243523,0.11909043811243523,0.11909043811243523,0.11909043811243523,0.0,0.0,0.0,134.97594767678723
2023-08-08,134.99903015726844,130.03498625586008,139.3807805192996,134.99903015726844,134.99903015726844,-0.3639798247441597,-0.3639798247441597,-0.3639798247441597,-0.3639798247441597,-0.3639798247441597,-0.3639798247441597,0.0,0.0,0.0,134.6350503325243
2023-08-09,135.14120307586205,129.76993781816932,139.5603342010529,135.14120307586205,135.14120307586205,-0.5417335025898788,-0.5417335025898788,-0.5417335025898788,-0.5417335025898788,-0.5417335025898788,-0.5417335025898788,0.0,0.0,0.0,134.59946957327216
2023-08-10,135.28337599445567,130.11797864450847,140.26247481315463,135.28337599445567,135.28337599445567,-0.32804134038567323,-0.32804134038567323,-0.32804134038567323,-0.32804134038567323,-0.32804134038567323,-0.32804134038567323,0.0,0.0,0.0,134.95533465407
2023-08-11,135.31382347748513,131.05225582139394,140.63942263574947,135.31382347748513,135.31382347748513,0.48940226060650205,0.48940226060650205,0.48940226060650205,0.48940226060650205,0.48940226060650205,0.48940226060650205,0.0,0.0,0.0,135.80322573809164
2023-08-14,135.40516592657352,130.65414104753077,140.38479448708782,135.40516592657352,135.40516592657352,0.11909043811332179,0.11909043811332179,0.11909043811332179,0.11909043811332179,0.11909043811332179,0.11909043811332179,0.0,0.0,0.0,135.52425636468683
2023-08-15,135.43561340960298,130.3317607482127,139.96779063233865,135.43561340960298,135.43561340960298,-0.36397982474257884,-0.36397982474257884,-0.36397982474257884,-0.36397982474257884,-0.36397982474257884,-0.36397982474257884,0.0,0.0,0.0,135.0716335848604
2023-08-16,135.46606089263244,130.0044763616655,139.29855010463586,135.46606089263244,135.46606089263244,-0.5417335025891535,-0.5417335025891535,-0.5417335025891535,-0.5417335025891535,-0.5417335025891535,-0.5417335025891535,0.0,0.0,0.0,134.9243273900433
2023-08-17,135.49650837566193,130.37204986951292,140.0278344697833,135.49650837566193,135.49650837566193,-0.3280413403849973,-0.3280413403849973,-0.3280413403849973,-0.3280413403849973,-0.3280413403849973,-0.3280413403849973,0.0,0.0,0.0,135.16846703527693
2023-08-18,135.52695585869137,131.14629666323935,140.83191576232736,135.52695585869137,135.52695585869137,0.4894022606068768,0.4894022606068768,0.4894022606068768,0.4894022606068768,0.4894022606068768,0.4894022606068768,0.0,0.0,0.0,136.01635811929825
2023-08-21,135.61829830777978,130.75144569667304,140.77620265619274,135.61829830777978,135.61829830777978,0.11909043811245151,0.11909043811245151,0.11909043811245151,0.11909043811245151,0.11909043811245151,0.11909043811245151,0.0,0.0,0.0,135.73738874589225
2023-08-22,135.64874579080922,130.4240012297313,140.1083799227492,135.64874579080922,135.64874579080922,-0.36397982474315305,-0.36397982474315305,-0.36397982474315305,-0.36397982474315305,-0.36397982474315305,-0.36397982474315305,0.0,0.0,0.0,135.28476596606606
2023-08-23,135.61267779613482,130.07190218960358,140.15069066568813,135.61267779613482,135.61267779613482,-0.5417335025895674,-0.5417335025895674,-0.5417335025895674,-0.5417335025895674,-0.5417335025895674,-0.5417335025895674,0.0,0.0,0.0,135.07094429354524
2023-08-24,135.57660980146042,130.04201620375795,140.08562900723595,135.57660980146042,135.57660980146042,-0.3280413403845439,-0.3280413403845439,-0.3280413403845439,-0.3280413403845439,-0.3280413403845439,-0.3280413403845439,0.0,0.0,0.0,135.24856846107588
2023-08-25,135.540541806786,131.21197627557535,140.784171075092,135.540541806786,135.540541806786,0.4894022606069146,0.4894022606069146,0.4894022606069146,0.4894022606069146,0.4894022606069146,0.4894022606069146,0.0,0.0,0.0,136.0299440673929
2023-08-28,135.43233782276278,130.6236333880172,140.55141076671785,135.43233782276278,135.43233782276278,0.11909043811158124,0.11909043811158124,0.11909043811158124,0.11909043811158124,0.11909043811158124,0.11909043811158124,0.0,0.0,0.0,135.55142826087436
2023-08-29,135.39626982808835,130.05495392352645,139.6683032950647,135.39626982808835,135.39626982808835,-0.3639798247429237,-0.3639798247429237,-0.3639798247429237,-0.3639798247429237,-0.3639798247429237,-0.3639798247429237,0.0,0.0,0.0,135.03229000334542
2023-08-30,135.36020183341395,130.14374571720703,139.8111377424074,135.36020183341395,135.36020183341395,-0.5417335025894118,-0.5417335025894118,-0.5417335025894118,-0.5417335025894118,-0.5417335025894118,-0.5417335025894118,0.0,0.0,0.0,134.81846833082454
2023-08-31,135.32413383873956,130.38884089792845,139.90008670376312,135.32413383873956,135.32413383873956,-0.32804134038664384,-0.32804134038664384,-0.32804134038664384,-0.32804134038664384,-0.32804134038664384,-0.32804134038664384,0.0,0.0,0.0,134.9960924983529
2023-09-01,135.28806584406516,131.32714343537404,140.65157415181892,135.28806584406516,135.28806584406516,0.4894022606072893,0.4894022606072893,0.4894022606072893,0.4894022606072893,0.4894022606072893,0.4894022606072893,0.0,0.0,0.0,135.77746810467244
2023-09-05,134.88734857503428,129.76045810829862,139.45486008132733,134.88734857503428,134.88734857503428,-0.3639798247421463,-0.3639798247421463,-0.3639798247421463,-0.3639798247421463,-0.3639798247421463,-0.3639798247421463,0.0,0.0,0.0,134.52336875029212
2023-09-06,134.78716925777658,129.23236078999474,139.15155072516902,134.78716925777658,134.78716925777658,-0.5417335025892561,-0.5417335025892561,-0.5417335025892561,-0.5417335025892561,-0.5417335025892561,-0.5417335025892561,0.0,0.0,0.0,134.24543575518732
2023-09-07,134.68698994051886,129.62042075887516,138.932765859667,134.68698994051886,134.68698994051886,-0.32804134038641314,-0.32804134038641314,-0.32804134038641314,-0.32804134038641314,-0.32804134038641314,-0.32804134038641314,0.0,0.0,0.0,134.35894860013244
2023-09-08,134.58681062326113,129.669092078105,140.10335071425973,134.58681062326113,134.58681062326113,0.4894022606076638,0.4894022606076638,0.4894022606076638,0.4894022606076638,0.4894022606076638,0.4894022606076638,0.0,0.0,0.0,135.0762128838688
2023-09-11,134.286272671488,129.43773054216075,139.03623737348678,134.286272671488,134.286272671488,0.11909043811177553,0.11909043811177553,0.11909043811177553,0.11909043811177553,0.11909043811177553,0.11909043811177553,0.0,0.0,0.0,134.4053631095998
2023-09-12,134.18609335423028,128.80399374027218,139.01079118259332,134.18609335423028,134.18609335423028,-0.363979824741917,-0.363979824741917,-0.363979824741917,-0.363979824741917,-0.363979824741917,-0.363979824741917,0.0,0.0,0.0,133.82211352948838
2023-09-13,134.08591403697258,128.7784859486109,138.25289083399997,134.08591403697258,134.08591403697258,-0.5417335025891005,-0.5417335025891005,-0.5417335025891005,-0.5417335025891005,-0.5417335025891005,-0.5417335025891005,0.0,0.0,0.0,133.5441805343835
2023-09-14,133.98569169058382,128.63402591962605,138.76447687524075,133.98569169058382,133.98569169058382,-0.3280413403857372,-0.3280413403857372,-0.3280413403857372,-0.3280413403857372,-0.3280413403857372,-0.3280413403857372,0.0,0.0,0.0,133.65765035019808
2023-09-15,133.88546934419506,129.52599651188524,139.08911732762297,133.88546934419506,133.88546934419506,0.48940226060787007,0.48940226060787007,0.48940226060787007,0.48940226060787007,0.48940226060787007,0.48940226060787007,0.0,0.0,0.0,134.37487160480293
2023-09-18,133.5848023050288,128.6053344745742,138.50152525830018,133.5848023050288,133.5848023050288,0.1190904381126621,0.1190904381126621,0.1190904381126621,0.1190904381126621,0.1190904381126621,0.1190904381126621,0.0,0.0,0.0,133.70389274314147
2023-09-19,133.48457995864004,128.42417892722128,138.26098029143688,133.48457995864004,133.48457995864004,-0.36397982474329477,-0.36397982474329477,-0.36397982474329477,-0.36397982474329477,-0.36397982474329477,-0.36397982474329477,0.0,0.0,0.0,133.12060013389674
2023-09-20,133.3843576122513,128.31708880560547,138.00443396442867,133.3843576122513,133.3843576122513,-0.5417335025895144,-0.5417335025895144,-0.5417335025895144,-0.5417335025895144,-0.5417335025895144,-0.5417335025895144,0.0,0.0,0.0,132.84262410966178
2023-09-21,133.28413526586255,127.94179370152952,137.73229113342535,133.28413526586255,133.28413526586255,-0.32804134038528376,-0.32804134038528376,-0.32804134038528376,-0.32804134038528376,-0.32804134038528376,-0.32804134038528376,0.0,0.0,0.0,132.95609392547726
2023-09-22,133.18391291947378,128.84930032592712,138.25600351436634,133.18391291947378,133.18391291947378,0.4894022606067293,0.4894022606067293,0.4894022606067293,0.4894022606067293,0.4894022606067293,0.4894022606067293,0.0,0.0,0.0,133.67331518008052
2023-09-25,132.88324588030753,127.78427102685906,137.75087396051674,132.88324588030753,132.88324588030753,0.11909043811179186,0.11909043811179186,0.11909043811179186,0.11909043811179186,0.11909043811179186,0.11909043811179186,0.0,0.0,0.0,133.0023363184193
2023-09-26,132.78302353622152,127.68503962592361,137.1135065263451,132.78302353622152,132.78302353622152,-0.36397982474306556,-0.36397982474306556,-0.36397982474306556,-0.36397982474306556,-0.36397982474306556,-0.36397982474306556,0.0,0.0,0.0,132.41904371147845
2023-09-27,132.6828011921355,127.6072632891836,137.00996174898256,132.6828011921355,132.6828011921355,-0.5417335025895019,-0.5417335025895019,-0.5417335025895019,-0.5417335025895019,-0.5417335025895019,-0.5417335025895019,0.0,0.0,0.0,132.14106768954602
2023-09-28,132.5825788480495,127.33782963012729,137.27522780557436,132.5825788480495,132.5825788480495,-0.32804134038483046,-0.32804134038483046,-0.32804134038483046,-0.32804134038483046,-0.32804134038483046,-0.32804134038483046,0.0,0.0,0.0,132.25453750766468
2023-09-29,132.4823565039635,128.55395078134165,138.24676682121392,132.4823565039635,132.4823565039635,0.4894022606067673,0.4894022606067673,0.4894022606067673,0.4894022606067673,0.4894022606067673,0.4894022606067673,0.0,0.0,0.0,132.97175876457027
2023-10-02,132.1816894717055,127.01442894805062,136.94257298172772,132.1816894717055,132.1816894717055,0.11909043811179999,0.11909043811179999,0.11909043811179999,0.11909043811179999,0.11909043811179999,0.11909043811179999,0.0,0.0,0.0,132.30077990981732
2023-10-03,132.08146712761948,126.55400089604922,136.5791026395637,132.08146712761948,132.08146712761948,-0.36397982474283624,-0.36397982474283624,-0.36397982474283624,-0.36397982474283624,-0.36397982474283624,-0.36397982474283624,0.0,0.0,0.0,131.71748730287663
2023-10-04,131.98124478353347,126.76354043975233,136.56255244133885,131.98124478353347,131.98124478353347,-0.5417335025899157,-0.5417335025899157,-0.5417335025899157,-0.5417335025899157,-0.5417335025899157,-0.5417335025899157,0.0,0.0,0.0,131.43951128094355
2023-10-05,131.88102243944746,126.77196796464568,136.68970152791823,131.88102243944746,131.88102243944746,-0.32804134038437704,-0.32804134038437704,-0.32804134038437704,-0.32804134038437704,-0.32804134038437704,-0.32804134038437704,0.0,0.0,0.0,131.5529810990631
2023-10-06,131.89572951298197,127.43046903751953,137.49646881682943,131.89572951298197,131.89572951298197,0.4894022606071419,0.4894022606071419,0.4894022606071419,0.4894022606071419,0.4894022606071419,0.4894022606071419,0.0,0.0,0.0,132.3851317735891
2023-10-09,131.93985073358544,127.09613471771732,137.38469486054402,131.93985073358544,131.93985073358544,0.11909043811286453,0.11909043811286453,0.11909043811286453,0.11909043811286453,0.11909043811286453,0.11909043811286453,0.0,0.0,0.0,132.0589411716983
2023-10-10,131.95455780711993,126.73613359406455,136.45333347722178,131.95455780711993,131.95455780711993,-0.3639798247442139,-0.3639798247442139,-0.3639798247442139,-0.3639798247442139,-0.3639798247442139,-0.3639798247442139,0.0,0.0,0.0,131.59057798237572
2023-10-11,131.96926488065444,126.35744889026596,136.18463243564474,131.96926488065444,131.96926488065444,-0.5417335025891907,-0.5417335025891907,-0.5417335025891907,-0.5417335025891907,-0.5417335025891907,-0.5417335025891907,0.0,0.0,0.0,131.42753137806525
2023-10-12,131.98397195418892,126.57026511019458,136.41731573852903,131.98397195418892,131.98397195418892,-0.32804134038370114,-0.32804134038370114,-0.32804134038370114,-0.32804134038370114,-0.32804134038370114,-0.32804134038370114,0.0,0.0,0.0,131.65593061380522
2023-10-13,131.9986790277234,127.78477561268812,137.33941079061776,131.9986790277234,131.9986790277234,0.48940226060600117,0.48940226060600117,0.48940226060600117,0.48940226060600117,0.48940226060600117,0.48940226060600117,0.0,0.0,0.0,132.4880812883294
2023-10-16,132.04280024832687,127.08407704263159,137.35613042542744,132.04280024832687,132.04280024832687,0.11909043811287263,0.11909043811287263,0.11909043811287263,0.11909043811287263,0.11909043811287263,0.11909043811287263,0.0,0.0,0.0,132.16189068643973
2023-10-17,132.05750732186138,126.49315621776685,136.4577874723546,132.05750732186138,132.05750732186138,-0.36397982474398477,-0.36397982474398477,-0.36397982474398477,-0.36397982474398477,-0.36397982474398477,-0.36397982474398477,0.0,0.0,0.0,131.6935274971174
2023-10-18,132.26990720361545,126.81326471768847,136.63028087749933,132.26990720361545,132.26990720361545,-0.5417335025896045,-0.5417335025896045,-0.5417335025896045,-0.5417335025896045,-0.5417335025896045,-0.5417335025896045,0.0,0.0,0.0,131.72817370102584
2023-10-19,132.4823070853695,127.3559611472438,136.85527276991036,132.4823070853695,132.4823070853695,-0.3280413403862462,-0.3280413403862462,-0.3280413403862462,-0.3280413403862462,-0.3280413403862462,-0.3280413403862462,0.0,0.0,0.0,132.15426574498326
2023-10-20,132.69470696712355,128.07354397443,138.16557654256818,132.69470696712355,132.69470696712355,0.4894022606063757,0.4894022606063757,0.4894022606063757,0.4894022606063757,0.4894022606063757,0.4894022606063757,0.0,0.0,0.0,133.18410922772992
2023-10-23,133.33190661238575,128.40073000623056,138.4743411443773,133.33190661238575,133.33190661238575,0.11909043811288084,0.11909043811288084,0.11909043811288084,0.11909043811288084,0.11909043811288084,0.11909043811288084,0.0,0.0,0.0,133.45099705049864
2023-10-24,133.54430649413982,127.93037127054112,137.73048957479656,133.54430649413982,133.54430649413982,-0.36397982474240376,-0.36397982474240376,-0.36397982474240376,-0.36397982474240376,-0.36397982474240376,-0.36397982474240376,0.0,0.0,0.0,133.1803266693974
2023-10-25,133.75670637589386,128.35334885204222,137.92067993514948,133.75670637589386,133.75670637589386,-0.5417335025900182,-0.5417335025900182,-0.5417335025900182,-0.5417335025900182,-0.5417335025900182,-0.5417335025900182,0.0,0.0,0.0,133.21497287330385
2023-10-26,133.96910625764792,128.81972476396183,138.4910353435351,133.96910625764792,133.96910625764792,-0.3280413403855703,-0.3280413403855703,-0.3280413403855703,-0.3280413403855703,-0.3280413403855703,-0.3280413403855703,0.0,0.0,0.0,133.64106491726236
2023-10-27,134.181506139402,129.5702313413206,139.16502602544202,134.181506139402,134.181506139402,0.489402260606582,0.489402260606582,0.489402260606582,0.489402260606582,0.489402260606582,0.489402260606582,0.0,0.0,0.0,134.67090840000859
2023-10-30,135.0665612453281,130.22558748537912,140.06541288933917,135.0665612453281,135.0665612453281,0.119090438112889,0.119090438112889,0.119090438112889,0.119090438112889,0.119090438112889,0.119090438112889,0.0,0.0,0.0,135.185651683441
2023-10-31,135.36157961397015,129.84343885997694,139.81601128188768,135.36157961397015,135.36157961397015,-0.36397982474217444,-0.36397982474217444,-0.36397982474217444,-0.36397982474217444,-0.36397982474217444,-0.36397982474217444,0.0,0.0,0.0,134.99759978922796
2023-11-01,135.65659798261217,130.33267339773647,140.10583986907142,135.65659798261217,135.65659798261217,-0.5417335025892932,-0.5417335025892932,-0.5417335025892932,-0.5417335025892932,-0.5417335025892932,-0.5417335025892932,0.0,0.0,0.0,135.11486448002287
2023-11-02,135.95161635125422,130.93588782876176,140.3889082734505,135.95161635125422,135.95161635125422,-0.3280413403853396,-0.3280413403853396,-0.3280413403853396,-0.3280413403853396,-0.3280413403853396,-0.3280413403853396,0.0,0.0,0.0,135.62357501086888
2023-11-03,136.24663471989626,131.7366615848241,141.77920439323333,136.24663471989626,136.24663471989626,0.48940226060678826,0.48940226060678826,0.48940226060678826,0.48940226060678826,0.48940226060678826,0.48940226060678826,0.0,0.0,0.0,136.73603698050306
2023-11-06,137.1316898258224,132.3495695366611,142.43789662456913,137.1316898258224,137.1316898258224,0.11909043811201872,0.11909043811201872,0.11909043811201872,0.11909043811201872,0.11909043811201872,0.11909043811201872,0.0,0.0,0.0,137.25078026393442
2023-11-07,137.42670819446445,132.17895774610332,141.77258226167532,137.42670819446445,137.42670819446445,-0.36397982474274865,-0.36397982474274865,-0.36397982474274865,-0.36397982474274865,-0.36397982474274865,-0.36397982474274865,0.0,0.0,0.0,137.0627283697217
2023-11-08,137.72172656310647,132.4639372809746,142.06185747374695,137.72172656310647,137.72172656310647,-0.541733502589707,-0.541733502589707,-0.541733502589707,-0.541733502589707,-0.541733502589707,-0.541733502589707,0.0,0.0,0.0,137.17999306051678
2023-11-09,138.01674493323313,132.7622087173024,142.73509701102654,138.01674493323313,138.01674493323313,-0.32804134038743954,-0.32804134038743954,-0.32804134038743954,-0.32804134038743954,-0.32804134038743954,-0.32804134038743954,0.0,0.0,0.0,137.68870359284568
2023-11-10,138.31176330335973,134.25100185071602,143.97743969446978,138.31176330335973,138.31176330335973,0.48940226060699443,0.48940226060699443,0.48940226060699443,0.48940226060699443,0.48940226060699443,0.48940226060699443,0.0,0.0,0.0,138.80116556396672
2023-11-13,139.19681841373963,134.28036684192182,144.15322208547596,139.19681841373963,139.19681841373963,0.11909043811290525,0.11909043811290525,0.11909043811290525,0.11909043811290525,0.11909043811290525,0.11909043811290525,0.0,0.0,0.0,139.31590885185253
2023-11-14,139.4918367838663,134.0746199300745,143.9011329606397,139.4918367838663,139.4918367838663,-0.36397982474332297,-0.36397982474332297,-0.36397982474332297,-0.36397982474332297,-0.36397982474332297,-0.36397982474332297,0.0,0.0,0.0,139.12785695912297
2023-11-15,139.78685515399292,134.8336626847582,144.04810110767016,139.78685515399292,139.78685515399292,-0.5417335025896945,-0.5417335025896945,-0.5417335025896945,-0.5417335025896945,-0.5417335025896945,-0.5417335025896945,0.0,0.0,0.0,139.24512165140322
2023-11-16,140.08187352411957,135.13591447996185,144.5001344168667,140.08187352411957,140.08187352411957,-0.3280413403869862,-0.3280413403869862,-0.3280413403869862,-0.3280413403869862,-0.3280413403869862,-0.3280413403869862,0.0,0.0,0.0,139.75383218373258
2023-11-17,140.37689189424617,136.08732578932987,145.46986616701466,140.37689189424617,140.37689189424617,0.4894022606073691,0.4894022606073691,0.4894022606073691,0.4894022606073691,0.4894022606073691,0.4894022606073691,0.0,0.0,0.0,140.86629415485353
2023-11-20,141.26194700462608,136.67696631611489,146.38218710999243,141.26194700462608,141.26194700462608,0.11909043811309138,0.11909043811309138,0.11909043811309138,0.11909043811309138,0.11909043811309138,0.11909043811309138,0.0,0.0,0.0,141.38103744273917
2023-11-21,141.55643328209317,136.04503553542315,145.98980153873225,141.55643328209317,141.55643328209317,-0.3639798247438972,-0.3639798247438972,-0.3639798247438972,-0.3639798247438972,-0.3639798247438972,-0.3639798247438972,0.0,0.0,0.0,141.19245345734927
2023-11-22,141.85091955956025,136.6514497346999,146.24382426356397,141.85091955956025,141.85091955956025,-0.5417335025895388,-0.5417335025895388,-0.5417335025895388,-0.5417335025895388,-0.5417335025895388,-0.5417335025895388,0.0,0.0,0.0,141.3091860569707
2023-11-24,142.43989211449446,138.0579740391157,147.97294018381703,142.43989211449446,142.43989211449446,0.4894022606074071,0.4894022606074071,0.4894022606074071,0.4894022606074071,0.4894022606074071,0.4894022606074071,0.0,0.0,0.0,142.92929437510188
2023-11-27,143.32335094689572,138.7492728067508,148.74217700626247,143.32335094689572,143.32335094689572,0.11909043811309956,0.11909043811309956,0.11909043811309956,0.11909043811309956,0.11909043811309956,0.11909043811309956,0.0,0.0,0.0,143.4424413850088
2023-11-28,143.6178372243628,138.32454500633645,148.10944736018618,143.6178372243628,143.6178372243628,-0.36397982474366797,-0.36397982474366797,-0.36397982474366797,-0.36397982474366797,-0.36397982474366797,-0.36397982474366797,0.0,0.0,0.0,143.25385739961914
2023-11-29,143.9123235018299,138.53561510114687,148.80900960171368,143.9123235018299,143.9123235018299,-0.5417335025893832,-0.5417335025893832,-0.5417335025893832,-0.5417335025893832,-0.5417335025893832,-0.5417335025893832,0.0,0.0,0.0,143.3705899992405
2023-11-30,144.20680977929698,138.8517819824123,148.32306608052735,144.20680977929698,144.20680977929698,-0.3280413403856342,-0.3280413403856342,-0.3280413403856342,-0.3280413403856342,-0.3280413403856342,-0.3280413403856342,0.0,0.0,0.0,143.87876843891135
2023-12-01,144.5012960567641,140.35951629431582,149.8856495103504,144.5012960567641,144.5012960567641,0.48940226060643466,0.48940226060643466,0.48940226060643466,0.48940226060643466,0.48940226060643466,0.48940226060643466,0.0,0.0,0.0,144.99069831737052
2023-12-04,145.3841807432675,140.95173439598585,150.4550577228009,145.3841807432675,145.3841807432675,0.11909043811222929,0.11909043811222929,0.11909043811222929,0.11909043811222929,0.11909043811222929,0.11909043811222929,0.0,0.0,0.0,145.50327118137974
2023-12-05,145.67847563876867,140.0162610806249,149.77030118883286,145.67847563876867,145.67847563876867,-0.36397982474504575,-0.36397982474504575,-0.36397982474504575,-0.36397982474504575,-0.36397982474504575,-0.36397982474504575,0.0,0.0,0.0,145.31449581402362
2023-12-06,145.97277053426978,140.74923585285237,150.5830715893096,145.97277053426978,145.97277053426978,-0.541733502589371,-0.541733502589371,-0.541733502589371,-0.541733502589371,-0.541733502589371,-0.541733502589371,0.0,0.0,0.0,145.4310370316804
2023-12-07,146.26706542977095,140.75360072431806,150.78130318749436,146.26706542977095,146.26706542977095,-0.32804134038540345,-0.32804134038540345,-0.32804134038540345,-0.32804134038540345,-0.32804134038540345,-0.32804134038540345,0.0,0.0,0.0,145.93902408938555
2023-12-08,146.5613603252721,142.5082732415569,151.84844036418036,146.5613603252721,146.5613603252721,0.4894022606066408,0.4894022606066408,0.4894022606066408,0.4894022606066408,0.4894022606066408,0.4894022606066408,0.0,0.0,0.0,147.05076258587874
2023-12-11,147.44424501177554,142.7787895232307,152.25273881595737,147.44424501177554,147.44424501177554,0.11909043811135901,0.11909043811135901,0.11909043811135901,0.11909043811135901,0.11909043811135901,0.11909043811135901,0.0,0.0,0.0,147.5633354498869
2023-12-12,147.73853990727665,142.13481645855356,152.21817917296045,147.73853990727665,147.73853990727665,-0.36397982474266116,-0.36397982474266116,-0.36397982474266116,-0.36397982474266116,-0.36397982474266116,-0.36397982474266116,0.0,0.0,0.0,147.37456008253397
2023-12-13,148.0328348027778,142.5899774533167,152.23023365789973,148.0328348027778,148.0328348027778,-0.5417335025892153,-0.5417335025892153,-0.5417335025892153,-0.5417335025892153,-0.5417335025892153,-0.5417335025892153,0.0,0.0,0.0,147.4911013001886
2023-12-14,148.32712969785211,143.24848949836922,152.95494319560063,148.32712969785211,148.32712969785211,-0.32804134038472754,-0.32804134038472754,-0.32804134038472754,-0.32804134038472754,-0.32804134038472754,-0.32804134038472754,0.0,0.0,0.0,147.9990883574674
2023-12-15,148.62142459292645,144.4943023573796,154.11153946890332,148.62142459292645,148.62142459292645,0.4894022606070155,0.4894022606070155,0.4894022606070155,0.4894022606070155,0.4894022606070155,0.4894022606070155,0.0,0.0,0.0,149.11082685353347
2023-12-18,149.50430927814938,144.68873366607738,154.27915622871208,149.50430927814938,149.50430927814938,0.11909043811224558,0.11909043811224558,0.11909043811224558,0.11909043811224558,0.11909043811224558,0.11909043811224558,0.0,0.0,0.0,149.62339971626162
2023-12-19,149.79860417322368,144.4620434706484,154.2674675775041,149.79860417322368,149.79860417322368,-0.3639798247440389,-0.3639798247440389,-0.3639798247440389,-0.3639798247440389,-0.3639798247440389,-0.3639798247440389,0.0,0.0,0.0,149.43462434847964
2023-12-20,150.092899068298,144.62391598606888,154.27834883418942,150.092899068298,150.092899068298,-0.541733502589629,-0.541733502589629,-0.541733502589629,-0.541733502589629,-0.541733502589629,-0.541733502589629,0.0,0.0,0.0,149.55116556570837
2023-12-21,150.3871939633723,145.35671404720503,154.6948039098821,150.3871939633723,150.3871939633723,-0.3280413403842742,-0.3280413403842742,-0.3280413403842742,-0.3280413403842742,-0.3280413403842742,-0.3280413403842742,0.0,0.0,0.0,150.05915262298805
2023-12-22,150.6814888584466,146.25798995775398,156.07884154775633,150.6814888584466,150.6814888584466,0.48940226060738995,0.48940226060738995,0.48940226060738995,0.48940226060738995,0.48940226060738995,0.48940226060738995,0.0,0.0,0.0,151.170891119054
2023-12-26,151.85866843874388,146.61729067546247,156.5028298716167,151.85866843874388,151.85866843874388,-0.36397982474380963,-0.36397982474380963,-0.36397982474380963,-0.36397982474380963,-0.36397982474380963,-0.36397982474380963,0.0,0.0,0.0,151.49468861400007
2023-12-27,152.15296337188798,146.9427959495805,156.22161461117278,152.15296337188798,152.15296337188798,-0.5417335025894735,-0.5417335025894735,-0.5417335025894735,-0.5417335025894735,-0.5417335025894735,-0.5417335025894735,0.0,0.0,0.0,151.6112298692985
2023-12-28,152.44725830503205,147.18790233926296,156.95459413666828,152.44725830503205,152.44725830503205,-0.3280413403865967,-0.3280413403865967,-0.3280413403865967,-0.3280413403865967,-0.3280413403865967,-0.3280413403865967,0.0,0.0,0.0,152.11921696464546
2023-12-29,152.74155323817615,148.42776745365225,158.0079112152811,152.74155323817615,152.74155323817615,0.48940226060742803,0.48940226060742803,0.48940226060742803,0.48940226060742803,0.48940226060742803,0.48940226060742803,0.0,0.0,0.0,153.23095549878357
2024-01-02,153.9187329707526,148.61095151795348,158.32823695328435,153.9187329707526,153.9187329707526,-0.3639798247422286,-0.3639798247422286,-0.3639798247422286,-0.3639798247422286,-0.3639798247422286,-0.3639798247422286,0.0,0.0,0.0,153.55475314601037
2024-01-03,154.21302790389666,148.7941990807879,158.870865600959,154.21302790389666,154.21302790389666,-0.5417335025898873,-0.5417335025898873,-0.5417335025898873,-0.5417335025898873,-0.5417335025898873,-0.5417335025898873,0.0,0.0,0.0,153.67129440130677
2024-01-04,154.50732283704076,149.21291522562663,159.288598253301,154.50732283704076,154.50732283704076,-0.3280413403861433,-0.3280413403861433,-0.3280413403861433,-0.3280413403861433,-0.3280413403861433,-0.3280413403861433,0.0,0.0,0.0,154.17928149665462
2024-01-05,154.8016177701849,150.1934717825562,160.00733569297168,154.8016177701849,154.8016177701849,0.489402260606119,0.489402260606119,0.489402260606119,0.489402260606119,0.489402260606119,0.489402260606119,0.0,0.0,0.0,155.291020030791
2024-01-08,155.6845025696172,150.76796486062167,160.6697115636842,155.6845025696172,155.6845025696172,0.119090438112448,0.119090438112448,0.119090438112448,0.119090438112448,0.119090438112448,0.119090438112448,0.0,0.0,0.0,155.80359300772963
2024-01-09,155.9995096445048,150.98733472517893,160.65048439179486,155.9995096445048,155.9995096445048,-0.36397982474280294,-0.36397982474280294,-0.36397982474280294,-0.36397982474280294,-0.36397982474280294,-0.36397982474280294,0.0,0.0,0.0,155.63552981976198
2024-01-10,156.31451671939243,150.80400632716203,160.5075343488197,156.31451671939243,156.31451671939243,-0.5417335025891622,-0.5417335025891622,-0.5417335025891622,-0.5417335025891622,-0.5417335025891622,-0.5417335025891622,0.0,0.0,0.0,155.77278321680328
2024-01-11,156.62952379428006,151.7739163009527,161.28459437041153,156.62952379428006,156.62952379428006,-0.3280413403854674,-0.3280413403854674,-0.3280413403854674,-0.3280413403854674,-0.3280413403854674,-0.3280413403854674,0.0,0.0,0.0,156.3014824538946
2024-01-12,156.94453086916766,152.6481243017214,162.1037193513407,156.94453086916766,156.94453086916766,0.48940226060649344,0.48940226060649344,0.48940226060649344,0.48940226060649344,0.48940226060649344,0.48940226060649344,0.0,0.0,0.0,157.43393312977415
2024-01-16,158.2045591687181,152.8616864397738,162.5945321557214,158.2045591687181,158.2045591687181,-0.3639798247433772,-0.3639798247433772,-0.3639798247433772,-0.3639798247433772,-0.3639798247433772,-0.3639798247433772,0.0,0.0,0.0,157.84057934397472
2024-01-17,158.5195662436057,153.0498058876861,162.82186523471873,158.5195662436057,158.5195662436057,-0.5417335025895759,-0.5417335025895759,-0.5417335025895759,-0.5417335025895759,-0.5417335025895759,-0.5417335025895759,0.0,0.0,0.0,157.97783274101613
2024-01-18,158.8345733184933,153.4439565271213,163.3832915000849,158.8345733184933,158.8345733184933,-0.32804134038501404,-0.32804134038501404,-0.32804134038501404,-0.32804134038501404,-0.32804134038501404,-0.32804134038501404,0.0,0.0,0.0,158.50653197810828
2024-01-19,159.14958039338094,154.4725845224976,164.6202986938884,159.14958039338094,159.14958039338094,0.4894022606068681,0.4894022606068681,0.4894022606068681,0.4894022606068681,0.4894022606068681,0.4894022606068681,0.0,0.0,0.0,159.63898265398782
2024-01-22,160.11466096597198,155.2581757187965,165.11853555116593,160.11466096597198,160.11466096597198,0.11909043811246431,0.11909043811246431,0.11909043811246431,0.11909043811246431,0.11909043811246431,0.11909043811246431,0.0,0.0,0.0,160.23375140408444
2024-01-23,160.436354490169,155.04503527157385,164.89405647133586,160.436354490169,160.436354490169,-0.36397982474314783,-0.36397982474314783,-0.36397982474314783,-0.36397982474314783,-0.36397982474314783,-0.36397982474314783,0.0,0.0,0.0,160.07237466542585
2024-01-24,160.758048014366,155.21391613056753,165.0506125751748,160.758048014366,160.758048014366,-0.5417335025895635,-0.5417335025895635,-0.5417335025895635,-0.5417335025895635,-0.5417335025895635,-0.5417335025895635,0.0,0.0,0.0,160.21631451177646
2024-01-25,161.07974153856304,155.84883146941237,165.17807927054497,161.07974153856304,161.07974153856304,-0.32804134038433813,-0.32804134038433813,-0.32804134038433813,-0.32804134038433813,-0.32804134038433813,-0.32804134038433813,0.0,0.0,0.0,160.7517001981787
2024-01-26,161.40143506276004,157.0586177225321,166.51000230671468,161.40143506276004,161.40143506276004,0.4894022606070745,0.4894022606070745,0.4894022606070745,0.4894022606070745,0.4894022606070745,0.4894022606070745,0.0,0.0,0.0,161.89083732336712
2024-01-29,162.3665156353511,157.60649318616794,167.36040624210673,162.3665156353511,162.3665156353511,0.11909043811352883,0.11909043811352883,0.11909043811352883,0.11909043811352883,0.11909043811352883,0.11909043811352883,0.0,0.0,0.0,162.48560607346462
2024-01-30,162.6882091595481,157.5751580044338,167.53306550223536,162.6882091595481,162.6882091595481,-0.36397982474291857,-0.36397982474291857,-0.36397982474291857,-0.36397982474291857,-0.36397982474291857,-0.36397982474291857,0.0,0.0,0.0,162.32422933480518
2024-01-31,163.0099026837451,157.8219051598817,167.78486570826772,163.0099026837451,163.0099026837451,-0.5417335025894079,-0.5417335025894079,-0.5417335025894079,-0.5417335025894079,-0.5417335025894079,-0.5417335025894079,0.0,0.0,0.0,162.4681691811557
2024-02-01,163.33159620383816,157.94256292983604,167.52180525190275,163.33159620383816,163.33159620383816,-0.32804134038710586,-0.32804134038710586,-0.32804134038710586,-0.32804134038710586,-0.32804134038710586,-0.32804134038710586,0.0,0.0,0.0,163.00355486345106
2024-02-02,163.65328972393118,159.24096525312723,168.9255145599707,163.65328972393118,163.65328972393118,0.48940226060728065,0.48940226060728065,0.48940226060728065,0.48940226060728065,0.48940226060728065,0.48940226060728065,0.0,0.0,0.0,164.14269198453846
2024-02-05,164.61837028421027,159.75950708462713,169.39962473752684,164.61837028421027,164.61837028421027,0.11909043811265861,0.11909043811265861,0.11909043811265861,0.11909043811265861,0.11909043811265861,0.11909043811265861,0.0,0.0,0.0,164.73746072232294
2024-02-06,164.94006380430332,159.56776242260952,169.53942694452408,164.94006380430332,164.94006380430332,-0.3639798247434929,-0.3639798247434929,-0.3639798247434929,-0.3639798247434929,-0.3639798247434929,-0.3639798247434929,0.0,0.0,0.0,164.57608397955983
2024-02-07,165.26175732439634,159.95804195556315,169.4512777395524,165.26175732439634,165.26175732439634,-0.5417335025892523,-0.5417335025892523,-0.5417335025892523,-0.5417335025892523,-0.5417335025892523,-0.5417335025892523,0.0,0.0,0.0,164.7200238218071
2024-02-08,165.5834508444894,160.02053532015066,169.68720535784792,165.5834508444894,165.5834508444894,-0.32804134038642985,-0.32804134038642985,-0.32804134038642985,-0.32804134038642985,-0.32804134038642985,-0.32804134038642985,0.0,0.0,0.0,165.25540950410297
2024-02-09,165.90514436458238,161.53902221131523,170.82352548557083,165.90514436458238,165.90514436458238,0.48940226060613984,0.48940226060613984,0.48940226060613984,0.48940226060613984,0.48940226060613984,0.48940226060613984,0.0,0.0,0.0,166.39454662518853
2024-02-12,166.8702249248615,162.0854776049058,171.95940443161197,166.8702249248615,166.8702249248615,0.11909043811354517,0.11909043811354517,0.11909043811354517,0.11909043811354517,0.11909043811354517,0.11909043811354517,0.0,0.0,0.0,166.98931536297505
2024-02-13,167.19191844495455,161.95520241703647,171.72127136686814,167.19191844495455,167.19191844495455,-0.3639798247440672,-0.3639798247440672,-0.3639798247440672,-0.3639798247440672,-0.3639798247440672,-0.3639798247440672,0.0,0.0,0.0,166.8279386202105
2024-02-14,167.51361196504757,162.41610287876793,171.61037947861118,167.51361196504757,167.51361196504757,-0.5417335025896661,-0.5417335025896661,-0.5417335025896661,-0.5417335025896661,-0.5417335025896661,-0.5417335025896661,0.0,0.0,0.0,166.9718784624579
2024-02-15,167.8353054851406,163.05859713387844,172.5550062946344,167.8353054851406,167.8353054851406,-0.3280413403859765,-0.3280413403859765,-0.3280413403859765,-0.3280413403859765,-0.3280413403859765,-0.3280413403859765,0.0,0.0,0.0,167.50726414475463
2024-02-16,168.15699900523362,163.84624397558173,173.39985649843473,168.15699900523362,168.15699900523362,0.4894022606065146,0.4894022606065146,0.4894022606065146,0.4894022606065146,0.4894022606065146,0.4894022606065146,0.0,0.0,0.0,168.64640126584013
2024-02-20,169.44377308560576,164.0251504591624,174.09532424480068,169.44377308560576,169.44377308560576,-0.36397982474248614,-0.36397982474248614,-0.36397982474248614,-0.36397982474248614,-0.36397982474248614,-0.36397982474248614,0.0,0.0,0.0,169.07979326086328
2024-02-21,169.76546660569878,164.2293592187637,174.05713256569513,169.76546660569878,169.76546660569878,-0.5417335025900799,-0.5417335025900799,-0.5417335025900799,-0.5417335025900799,-0.5417335025900799,-0.5417335025900799,0.0,0.0,0.0,169.22373310310869
2024-02-22,170.08716012579183,164.68605024011518,174.63026807089526,170.08716012579183,170.08716012579183,-0.3280413403853006,-0.3280413403853006,-0.3280413403853006,-0.3280413403853006,-0.3280413403853006,-0.3280413403853006,0.0,0.0,0.0,169.7591187854065
2024-02-23,170.40885364588485,165.77699893836925,175.8403323111724,170.40885364588485,170.40885364588485,0.4894022606065524,0.4894022606065524,0.4894022606065524,0.4894022606065524,0.4894022606065524,0.4894022606065524,0.0,0.0,0.0,170.89825590649139
2024-02-26,171.37393420616394,167.04140386052345,176.17317662790825,171.37393420616394,171.37393420616394,0.11909043811268302,0.11909043811268302,0.11909043811268302,0.11909043811268302,0.11909043811268302,0.11909043811268302,0.0,0.0,0.0,171.49302464427663
2024-02-27,171.695627726257,166.4056926893643,176.33553562686174,171.695627726257,171.695627726257,-0.3639798247422569,-0.3639798247422569,-0.3639798247422569,-0.3639798247422569,-0.3639798247422569,-0.3639798247422569,0.0,0.0,0.0,171.33164790151474
2024-02-28,172.01732124635,166.15295644406913,176.41386460883288,172.01732124635,172.01732124635,-0.541733502589498,-0.541733502589498,-0.541733502589498,-0.541733502589498,-0.541733502589498,-0.541733502589498,0.0,0.0,0.0,171.4755877437605
2024-02-29,172.33901476644306,166.95844687829066,176.911114723016,172.33901476644306,172.33901476644306,-0.32804134038484717,-0.32804134038484717,-0.32804134038484717,-0.32804134038484717,-0.32804134038484717,-0.32804134038484717,0.0,0.0,0.0,172.0109734260582
2024-03-01,172.66070828653608,167.83137540021733,178.05295071298514,172.66070828653608,172.66070828653608,0.489402260606927,0.489402260606927,0.489402260606927,0.489402260606927,0.489402260606927,0.489402260606927,0.0,0.0,0.0,173.15011054714302
2024-03-04,173.62578884681514,168.9298009353039,178.41184213332602,173.62578884681514,173.62578884681514,0.11909043811181275,0.11909043811181275,0.11909043811181275,0.11909043811181275,0.11909043811181275,0.11909043811181275,0.0,0.0,0.0,173.74487928492695
2024-03-05,173.9474823669082,168.68461289023065,178.60176499701794,173.9474823669082,173.9474823669082,-0.3639798247436345,-0.3639798247436345,-0.3639798247436345,-0.3639798247436345,-0.3639798247436345,-0.3639798247436345,0.0,0.0,0.0,173.58350254216455
2024-03-06,174.2691758870012,168.70270250868228,178.4399648275952,174.2691758870012,174.2691758870012,-0.5417335025887731,-0.5417335025887731,-0.5417335025887731,-0.5417335025887731,-0.5417335025887731,-0.5417335025887731,0.0,0.0,0.0,173.72744238441243
2024-03-07,174.59086940709426,169.3523713581801,179.09410406069912,174.59086940709426,174.59086940709426,-0.3280413403871697,-0.3280413403871697,-0.3280413403871697,-0.3280413403871697,-0.3280413403871697,-0.3280413403871697,0.0,0.0,0.0,174.2628280667071
2024-03-08,174.9125629271873,170.54246249613087,180.374224251483,174.9125629271873,174.9125629271873,0.4894022606071333,0.4894022606071333,0.4894022606071333,0.4894022606071333,0.4894022606071333,0.4894022606071333,0.0,0.0,0.0,175.40196518779445
2024-03-11,175.87764348746637,171.14018379569933,181.07751943652124,175.87764348746637,175.87764348746637,0.11909043811182092,0.11909043811182092,0.11909043811182092,0.11909043811182092,0.11909043811182092,0.11909043811182092,0.0,0.0,0.0,175.99673392557818
2024-03-12,176.19933700755942,170.81991367373806,181.1931067525246,176.19933700755942,176.19933700755942,-0.3639798247434053,-0.3639798247434053,-0.3639798247434053,-0.3639798247434053,-0.3639798247434053,-0.3639798247434053,0.0,0.0,0.0,175.835357182816
2024-03-13,176.52103052765244,170.8500796204425,180.53571950556488,176.52103052765244,176.52103052765244,-0.5417335025891867,-0.5417335025891867,-0.5417335025891867,-0.5417335025891867,-0.5417335025891867,-0.5417335025891867,0.0,0.0,0.0,175.97929702506326
2024-03-14,176.8427240477455,171.43628828986434,181.5165157957875,176.8427240477455,176.8427240477455,-0.3280413403867164,-0.3280413403867164,-0.3280413403867164,-0.3280413403867164,-0.3280413403867164,-0.3280413403867164,0.0,0.0,0.0,176.5146827073588
2024-03-15,177.1644175678385,172.73985720012465,182.23184816331016,177.1644175678385,177.1644175678385,0.48940226060750786,0.48940226060750786,0.48940226060750786,0.48940226060750786,0.48940226060750786,0.48940226060750786,0.0,0.0,0.0,177.65381982844602
2024-03-18,178.1294981281176,173.6605200370673,183.29380424468252,178.1294981281176,178.1294981281176,0.11909043811288547,0.11909043811288547,0.11909043811288547,0.11909043811288547,0.11909043811288547,0.11909043811288547,0.0,0.0,0.0,178.2485885662305
2024-03-19,178.45119164821065,173.11550730645655,182.88068059346693,178.45119164821065,178.45119164821065,-0.36397982474397955,-0.36397982474397955,-0.36397982474397955,-0.36397982474397955,-0.36397982474397955,-0.36397982474397955,0.0,0.0,0.0,178.08721182346667
2024-03-20,178.77288516830367,173.4150711505013,183.18637710816796,178.77288516830367,178.77288516830367,-0.5417335025896006,-0.5417335025896006,-0.5417335025896006,-0.5417335025896006,-0.5417335025896006,-0.5417335025896006,0.0,0.0,0.0,178.23115166571407
2024-03-21,179.0945786883967,173.76046116059223,183.45401075698408,179.0945786883967,179.0945786883967,-0.32804134038604044,-0.32804134038604044,-0.32804134038604044,-0.32804134038604044,-0.32804134038604044,-0.32804134038604044,0.0,0.0,0.0,178.76653734801064
2024-03-22,179.41627220848974,175.09402725528213,185.04018883386826,179.41627220848974,179.41627220848974,0.48940226060771413,0.48940226060771413,0.48940226060771413,0.48940226060771413,0.48940226060771413,0.48940226060771413,0.0,0.0,0.0,179.90567446909745
2024-03-25,180.38135276876883,175.7721106262519,185.7868621999348,180.38135276876883,180.38135276876883,0.11909043811289363,0.11909043811289363,0.11909043811289363,0.11909043811289363,0.11909043811289363,0.11909043811289363,0.0,0.0,0.0,180.50044320688173
2024-03-26,180.70304628886186,175.6056856606207,185.25874843817712,180.70304628886186,180.70304628886186,-0.3639798247437504,-0.3639798247437504,-0.3639798247437504,-0.3639798247437504,-0.3639798247437504,-0.3639798247437504,0.0,0.0,0.0,180.3390664641181
2024-03-27,181.0247398089549,175.4979443673542,185.36638105046052,181.0247398089549,181.0247398089549,-0.5417335025894451,-0.5417335025894451,-0.5417335025894451,-0.5417335025894451,-0.5417335025894451,-0.5417335025894451,0.0,0.0,0.0,180.48300630636547
2024-03-28,181.34643332904793,176.0850570888921,185.82269949022626,181.34643332904793,181.34643332904793,-0.32804134038580973,-0.32804134038580973,-0.32804134038580973,-0.32804134038580973,-0.32804134038580973,-0.32804134038580973,0.0,0.0,0.0,181.0183919886621
2024-04-01,182.63320740942007,177.79497055171453,187.72865423479988,182.63320740942007,182.63320740942007,0.11909043811202336,0.11909043811202336,0.11909043811202336,0.11909043811202336,0.11909043811202336,0.11909043811202336,0.0,0.0,0.0,182.75229784753208
2024-04-02,182.9549009295131,177.66559778030916,187.56181289792926,182.9549009295131,182.9549009295131,-0.36397982474297286,-0.36397982474297286,-0.36397982474297286,-0.36397982474297286,-0.36397982474297286,-0.36397982474297286,0.0,0.0,0.0,182.5909211047701
2024-04-03,183.2765944496061,178.07213349308915,187.75418369613593,183.2765944496061,183.2765944496061,-0.5417335025900021,-0.5417335025900021,-0.5417335025900021,-0.5417335025900021,-0.5417335025900021,-0.5417335025900021,0.0,0.0,0.0,182.7348609470161
2024-04-04,183.59828796969913,178.02629206997486,188.15755448312052,183.59828796969913,183.59828796969913,-0.3280413403851337,-0.3280413403851337,-0.3280413403851337,-0.3280413403851337,-0.3280413403851337,-0.3280413403851337,0.0,0.0,0.0,183.270246629314
2024-04-05,183.91998148979218,179.56044162387354,189.24385157969394,183.91998148979218,183.91998148979218,0.48940226060677966,0.48940226060677966,0.48940226060677966,0.48940226060677966,0.48940226060677966,0.48940226060677966,0.0,0.0,0.0,184.40938375039894
2024-04-08,184.88506205007127,180.32828331260146,189.9036468849682,184.88506205007127,184.88506205007127,0.11909043811290992,0.11909043811290992,0.11909043811290992,0.11909043811290992,0.11909043811290992,0.11909043811290992,0.0,0.0,0.0,185.0041524881842
2024-04-09,185.2067555701643,179.81096522832243,189.77404598247324,185.2067555701643,185.2067555701643,-0.3639798247435471,-0.3639798247435471,-0.3639798247435471,-0.3639798247435471,-0.3639798247435471,-0.3639798247435471,0.0,0.0,0.0,184.84277574542074
2024-04-10,185.52844909025734,179.8223111727686,189.67836085140235,185.52844909025734,185.52844909025734,-0.541733502589277,-0.541733502589277,-0.541733502589277,-0.541733502589277,-0.541733502589277,-0.541733502589277,0.0,0.0,0.0,184.98671558766807
2024-04-11,185.85014261035036,180.7787558044521,190.42159798755995,185.85014261035036,185.85014261035036,-0.32804134038445776,-0.32804134038445776,-0.32804134038445776,-0.32804134038445776,-0.32804134038445776,-0.32804134038445776,0.0,0.0,0.0,185.5221012699659
2024-04-12,186.1718361304434,181.49220096654986,191.14127584327358,186.1718361304434,186.1718361304434,0.48940226060698594,0.48940226060698594,0.48940226060698594,0.48940226060698594,0.48940226060698594,0.48940226060698594,0.0,0.0,0.0,186.6612383910504
2024-04-15,187.1369166907225,182.49704935592686,192.06088484177093,187.1369166907225,187.1369166907225,0.11909043811203966,0.11909043811203966,0.11909043811203966,0.11909043811203966,0.11909043811203966,0.11909043811203966,0.0,0.0,0.0,187.25600712883454
2024-04-16,187.45861021081552,181.9369916185591,192.23593912134876,187.45861021081552,187.45861021081552,-0.36397982474412144,-0.36397982474412144,-0.36397982474412144,-0.36397982474412144,-0.36397982474412144,-0.36397982474412144,0.0,0.0,0.0,187.0946303860714
2024-04-17,187.78030373090857,182.4759479379304,192.30813466785278,187.78030373090857,187.78030373090857,-0.5417335025896908,-0.5417335025896908,-0.5417335025896908,-0.5417335025896908,-0.5417335025896908,-0.5417335025896908,0.0,0.0,0.0,187.23857022831888
2024-04-18,188.1019972510016,182.84142686654766,192.35535125860045,188.0994794335682,188.1019972510016,-0.32804134038400434,-0.32804134038400434,-0.32804134038400434,-0.32804134038400434,-0.32804134038400434,-0.32804134038400434,0.0,0.0,0.0,187.7739559106176
2024-04-19,188.42369077109464,183.85853752364415,193.56195654553628,188.40260204507547,188.431675497281,0.4894022606058452,0.4894022606058452,0.4894022606058452,0.4894022606058452,0.4894022606058452,0.4894022606058452,0.0,0.0,0.0,188.9130930317005
2024-04-20,188.74538429118766,184.31641610478604,193.98849539042544,188.70845951509241,188.77019941751183,0.31263061100949596,0.31263061100949596,0.31263061100949596,0.31263061100949596,0.31263061100949596,0.31263061100949596,0.0,0.0,0.0,189.05801490219716
2024-04-21,189.06707781128068,184.74344838041534,194.58211081480124,189.0104154690465,189.1170426785162,0.312631357989663,0.312631357989663,0.312631357989663,0.312631357989663,0.312631357989663,0.312631357989663,0.0,0.0,0.0,189.37970916927034
2024-04-22,189.3887713313737,184.4959074173994,194.3738263741934,189.3115783784743,189.46199657439078,0.11909043811116936,0.11909043811116936,0.11909043811116936,0.11909043811116936,0.11909043811116936,0.11909043811116936,0.0,0.0,0.0,189.50786176948486
2024-04-23,189.71046485146672,184.55580592942337,194.16994513619844,189.6011882064291,189.8157168827646,-0.3639798247438921,-0.3639798247438921,-0.3639798247438921,-0.3639798247438921,-0.3639798247438921,-0.3639798247438921,0.0,0.0,0.0,189.34648502672283
2024-04-24,190.03215837155977,184.52281705227625,194.15798064498026,189.8848340618569,190.18430965574802,-0.5417335025895351,-0.5417335025895351,-0.5417335025895351,-0.5417335025895351,-0.5417335025895351,-0.5417335025895351,0.0,0.0,0.0,189.49042486897025
2024-04-25,190.3538518916528,185.26296783071012,195.14220474552815,190.17779984410612,190.53235660091454,-0.3280413403861043,-0.3280413403861043,-0.3280413403861043,-0.3280413403861043,-0.3280413403861043,-0.3280413403861043,0.0,0.0,0.0,190.0258105512667
2024-04-26,190.67554541174584,186.137652854484,195.7229525656424,190.46218105638954,190.8982722983586,0.48940226060621966,0.48940226060621966,0.48940226060621966,0.48940226060621966,0.48940226060621966,0.48940226060621966,0.0,0.0,0.0,191.16494767235207
2024-04-27,190.99723893183887,186.71791760979264,196.1461023297246,190.7404337700903,191.2586911509794,0.3126306110094956,0.3126306110094956,0.3126306110094956,0.3126306110094956,0.3126306110094956,0.3126306110094956,0.0,0.0,0.0,191.30986954284836
2024-04-28,191.3189324519319,186.73528402272305,196.73212689952962,191.02323079654408,191.6172517147945,0.3126313579901935,0.3126313579901935,0.3126313579901935,0.3126313579901935,0.3126313579901935,0.3126313579901935,0.0,0.0,0.0,191.63156380992208
2024-04-29,191.64062597202494,186.75583909220614,196.65756902177606,191.31237188649928,192.00045333343024,0.11909043811311233,0.11909043811311233,0.11909043811311233,0.11909043811311233,0.11909043811311233,0.11909043811311233,0.0,0.0,0.0,191.75971641013805
2024-04-30,191.96231949211796,186.63817073277608,197.07458420006216,191.59858817363624,192.38408428391335,-0.3639798247423111,-0.3639798247423111,-0.3639798247423111,-0.3639798247423111,-0.3639798247423111,-0.3639798247423111,0.0,0.0,0.0,191.59833966737565
2024-05-01,192.284013012211,187.0306957959633,196.53920682854078,191.85090183023547,192.74415254517731,-0.5417335025893795,-0.5417335025893795,-0.5417335025893795,-0.5417335025893795,-0.5417335025893795,-0.5417335025893795,0.0,0.0,0.0,191.74227950962162
2024-05-02,192.60570653230403,186.96522500148586,197.41451440195874,192.09024960137137,193.12132591917194,-0.32804134038587357,-0.32804134038587357,-0.32804134038587357,-0.32804134038587357,-0.32804134038587357,-0.32804134038587357,0.0,0.0,0.0,192.27766519191815
2024-05-03,192.92740005239708,188.29199451243935,198.62105672944313,192.34846241275122,193.4810269890129,0.48940226060625774,0.48940226060625774,0.48940226060625774,0.48940226060625774,0.48940226060625774,0.48940226060625774,0.0,0.0,0.0,193.41680231300333
2024-05-04,193.2490935724901,188.44990711493594,198.34823862351834,192.6045417186066,193.87126292347864,0.3126306110089694,0.3126306110089694,0.3126306110089694,0.3126306110089694,0.3126306110089694,0.3126306110089694,0.0,0.0,0.0,193.56172418349905
2024-05-05,193.57078709258312,188.95417896183338,198.53643436996572,192.8861657161863,194.26467853326312,0.3126313579899446,0.3126313579899446,0.3126313579899446,0.3126313579899446,0.3126313579899446,0.3126313579899446,0.0,0.0,0.0,193.88341845057306
2024-05-06,193.89248061267617,189.27134778705144,198.9922983080578,193.14550069112744,194.65977897764972,0.11909043811224207,0.11909043811224207,0.11909043811224207,0.11909043811224207,0.11909043811224207,0.11909043811224207,0.0,0.0,0.0,194.0115710507884
2024-05-07,194.2141741327692,189.08171195106777,198.96005051030343,193.41222815495354,195.0515098381556,-0.3639798247420818,-0.3639798247420818,-0.3639798247420818,-0.3639798247420818,-0.3639798247420818,-0.3639798247420818,0.0,0.0,0.0,193.8501943080271
2024-05-08,194.53586765286224,188.86120089487795,199.13025015012016,193.6714816477148,195.4491544148637,-0.5417335025892239,-0.5417335025892239,-0.5417335025892239,-0.5417335025892239,-0.5417335025892239,-0.5417335025892239,0.0,0.0,0.0,193.99413415027303
2024-05-09,194.85756117295526,189.503678920516,199.6446046440031,193.93539855437294,195.83669663338304,-0.3280413403851976,-0.3280413403851976,-0.3280413403851976,-0.3280413403851976,-0.3280413403851976,-0.3280413403851976,0.0,0.0,0.0,194.52951983257006
2024-05-10,195.17925469304828,191.07450766129028,200.65309960536496,194.2111264955174,196.23764701424042,0.48940226060663233,0.48940226060663233,0.48940226060663233,0.48940226060663233,0.48940226060663233,0.48940226060663233,0.0,0.0,0.0,195.6686569536549
2024-05-11,195.50094821314133,190.62316769379814,200.83092061538005,194.47867254006124,196.64053252213282,0.31263061100963013,0.31263061100963013,0.31263061100963013,0.31263061100963013,0.31263061100963013,0.31263061100963013,0.0,0.0,0.0,195.81357882415097
2024-05-12,195.82264173323435,191.0148764075814,201.25079953885788,194.75547415564273,197.03594087777552,0.31263135798969577,0.31263135798969577,0.31263135798969577,0.31263135798969577,0.31263135798969577,0.31263135798969577,0.0,0.0,0.0,196.13527309122404
2024-05-13,196.1443352533274,191.46753928983185,201.39720879246366,194.9909226795327,197.44374785209493,0.11909043811312865,0.11909043811312865,0.11909043811312865,0.11909043811312865,0.11909043811312865,0.11909043811312865,0.0,0.0,0.0,196.26342569144052
2024-05-14,196.46602877342042,190.89570609296965,201.24592187229246,195.22778586751616,197.8520766344593,-0.3639798247434595,-0.3639798247434595,-0.3639798247434595,-0.3639798247434595,-0.3639798247434595,-0.3639798247434595,0.0,0.0,0.0,196.10204894867695
2024-05-15,196.78772229351344,190.5584347663038,201.3837705435001,195.4516511668438,198.2499927421789,-0.5417335025896376,-0.5417335025896376,-0.5417335025896376,-0.5417335025896376,-0.5417335025896376,-0.5417335025896376,0.0,0.0,0.0,196.2459887909238
